INSERT INTO users (id, name, age) VALUES (1, 'Alicia', 31), (2, 'Michelle', 40), 
(3, 'Mariya', 29), (4, 'Jen', 29), (5, 'BJ', 29), (6, 'Ani', 43), (7, 'Cher', 70), 
(8, 'Eleanor', 75), (9, 'Parker', 41), (10, 'Lisa', 59), (11, 'Rick', 61), (12, 'Marika', 38), 
(13, 'Molly', 30), (14, 'Rachel', 67), (15, 'Loretta', 31), (16, 'Shamu', 34), (17, 'Tabitha', 40), 
(18, 'Rufus', 49), (19, 'Martha', 46), (20, 'Elijah', 29);

INSERT INTO projects (id, title, category, funding_goal, start_date, end_date) VALUES 
(1, 'Help me buy a car', 'charity', 5000.00, '2019-06-30', '2019-07-30'),
(2, 'Help me go to coding school', 'charity', 10000.00, '2019-01-01', '2019-01-01'),
(3, 'My book about cats', 'books', 1000.00, '2019-05-30', '2019-05-30'),
(4, 'Operation for pet', 'charity', 700.00, '2019-03-14', '2019-06-30'),
(5, 'New Cher CD', 'music', 20.00, '2019-03-20', '2019-09-20'),
(6, 'Vacation fund', 'charity', 2000.00, '2019-12-30', '2019-12-30'),
(7, 'Cat needs glasses', 'charity', 200.00, '2019-10-02', '2019-10-30'),
(8, 'Save the elephants', 'charity', 1000.00, '2019-06-30', '2019-06-31'),
(9, 'Pay legal fees', 'charity', 30000.00, '2019-06-30', '2019-09-30'),
(10, 'Coding book', 'books', 5000.00, '2019-03-20', '2019-06-30');

INSERT INTO pledges (id, amount, user_id, project_id) VALUES
(1, 170.00, 1, 2),
(2, 60.00, 2, 2),
(3, 90.00, 1, 1),
(4, 50.00, 2, 9),
(5, 10.00, 4, 3),
(6, 70.00, 5, 7),
(7, 40.00, 5, 1),
(8, 60.00, 5, 5),
(9, 50.00, 7, 7),
(10, 70.00, 5, 8),
(11, 100.00, 7, 10),
(12, 20.00, 9, 10),
(13, 10.00, 9, 9),
(14, 10.00, 11, 6),
(15, 85.00, 15, 8),
(16, 40.00, 16, 10),
(17, 10.00, 18, 6),
(18, 20.00, 20, 5),
(19, 75.00, 20, 5),
(20, 45.00, 19, 6),
(21, 30.00, 17, 5),
(22, 30.00, 18, 3),
(23, 10.00, 19, 9),
(24, 700.00, 20, 10),
(25, 10.00, 20, 9),
(26, 60.00, 19, 8),
(27, 30.00, 18, 7),
(28, 50.00, 17, 6),
(29, 30.00, 16, 5),
(30, 50.00, 15, 4);