INSERT INTO users (id, name, age) VALUES
(1, "amber", 36),
(2, "anthony", 37),
(3, "nellie", 71),
(4, "patrick", 72),
(5, "marlene", 66),
(6, "ray", 67),
(7, "patricia", 64),
(8, "laura", 30),
(9, "jonathan", 35),
(10, "dan", 33),
(11, "steve", 31),
(12, "scott", 30),
(13, "reid", 27),
(14, "will", 2),
(15, "sophie", 26),
(16, "alice", 2),
(17, "joanna", 34),
(18, "wes", 36),
(19, "maple", 1),
(20, "liz", 66);

INSERT INTO projects (id, title, category, funding_goal, start_date, end_date, aisle) VALUES
(1, "run to the hills", "music", 666.00, "2066-06-06", "2067-06-06", 6),
(2, "run for your life", "music", 562.00, "2019-08-25", "2019-10-11", 6),
(3, "making millions", "book", 1000.00, "2018-01-01", "2018-12-11", 1),
(4, "descend", "movie", 400.00, "2011-01-01", "2011-11-01", 3),
(5, "it", "movie", 666.00, "2019-01-01", "2020-02-02", 3),
(6, "free situation", "charity", 20000.00, "2018-11-01", "2019-08-26", 3),
(7, "impeach trump", "charity", 1000000.00, "2016-01-01", "2020-01-01", 1),
(8, "burn bernie", "charity", 1.00, "2019-01-01", "2019-01-02", 4),
(9, "save the amazon", "charity", 100.00, "2016-05-05", "2016-10-10", 5),
(10, "help with sql", "book", 50.00, "2018-12-11", "2019-08-21", 7);

INSERT INTO pledges (id, amount, user_id, project_id) VALUES
(1, 10.00, 1, 1),
(2, 20.00, 1, 7),
(3, 30.00, 2, 4),
(4, 40.00, 3, 5),
(5, 50.00, 20, 6),
(6, 20.00, 11, 7),
(7, 100.00, 15, 8),
(8, 25.00, 9, 5),
(9, 26.00, 16, 3),
(10, 33.00, 10, 4),
(11, 20.00, 2, 2),
(12, 40.00, 19, 4),
(13, 50.00, 18, 10),
(14, 20.00, 14, 8),
(15, 22.00, 7, 3),
(16, 100.00, 20, 1),
(17, 24.00, 3, 2),
(18, 35.00, 16, 9),
(19, 150.00, 1, 9),
(20, 15.00, 2, 9),
(21, 1.00, 4, 8),
(22, 3.50, 2, 10),
(23, 666.00, 4, 4),
(24, 3.00, 1, 4),
(25, 6.00, 7, 9),
(26, 8.00, 9, 10),
(27, 16.00, 8, 8),
(28, 50.00, 17, 6),
(29, 100.00, 35, 7),
(30, 100.00, 20, 1);
