INSERT INTO users (id, name, age) VALUES (1, 'Luke', 42), (2, 'Dooku', 13), (3, 'Grievous', 24), (4, 'Maul', 34),
(5, 'Jenga', 33), (6, 'Obi-Wan', 25), (7, 'Qui-Gon', 40), (8, 'Yoda', 875), (9, 'Padme', 15), (10, 'Anakin', 33),
(11, 'Palpetine', 130), (12, 'Mace', 44), (13, 'Plo-Koon', 32), (14, 'Gunray', 69), (15, 'Kit Fisto', 28), (16, 'Cody', 25),
(17, 'Amidala', 58), (18, 'Sabe', 15), (19, 'Jar-Jar', 21), (20, 'R2', 4);

INSERT INTO projects (id, title, category, funding_goal, start_date, end_date) VALUES
(1, 'Death Star plans', 'military', 85000000000000000.00, '1977-04-25', '1983-06-25'),
(2, 'Need more power converters', 'industrial', 4000.00, '1997-06-20', '1998-06-20'),
(3, 'Fix hyperdrive', 'transpertation', 500.00, '2001-08-23', '2002-08-23'),
(4, 'New pod-racer', 'racing', 1000.00, '2001-11-20', '2002-11-20'),
(5, 'Kyber crystal', 'crafting', 10000.00, '2003-02-02', '2004-02-02'),
(6, 'Clone army', 'military', 1000000.00, '2003-03-03', '2004-03-03'),
(7, 'Mining operation on Mustafar', 'industrial', 300000.00, '2005-10-02', '2007-10-02'),
(8, 'Droid army', 'military', 1000000.00, '2000-05-30', '2005-05-30'),
(9, 'Mandalorian armor', 'fashion', 1000.00, '2002-12-25', '2008-12-25'),
(10, 'Robotic hand', 'charity', 200.00, '2003-03-20', '2006-03-20');

INSERT INTO pledges (id, amount, user_id, project_id) VALUES
(1, 1000000.00, 11, 1),
(2, 500.00, 10, 3),
(3, 1000.00, 6, 5),
(4, 100.00, 11, 6),
(5, 5000.00, 14, 7),
(6, 1000.00, 5, 9),
(7, 40.00, 5, 10),
(8, 60.00, 6, 10),
(9, 50.00, 7, 9),
(10, 700.00, 8, 8),
(11, 1000.00, 8, 7),
(12, 40.00, 9, 6),
(13, 50.00, 9, 3),
(14, 50.00, 10, 4),
(15, 24.00, 12, 1),
(16, 34.00, 11, 1),
(17, 12.00, 13, 6),
(18, 19.00, 14, 5),
(19, 20.00, 15, 5),
(20, 40.00, 16, 6),
(21, 35.50, 17, 7),
(22, 40.00, 18, 8),
(23, 60.00, 19, 9),
(24, 70.00, 20, 10),
(25, 100.00, 20, 4),
(26, 40.00, 19, 1),
(27, 20.00, 18, 6),
(28, 90.00, 17, 9),
(29, 230.00, 16, 6),
(30, 450.00, 15, 5);
