INSERT INTO users (id, name, age) VALUES (1, 'Finnebar', 17), (2, 'Bear', 6), (3, 'Iguana', 4), (4, 'Alex', 33),
(5, 'Amanda', 24), (6, 'Sophie', 24), (7, 'Rosey', 9), (8, 'Victoria', 23), (9, 'Franz', 100), (10, 'Hermione', 30),
(11, 'Voldemort', 90), (12, 'Marisa', 24), (13, 'Swizzle', 4), (14, 'Sirius', 36), (15, 'Albus', 113), (16, 'Squid', 5),
(17, 'Whale', 6), (18, 'Pacha', 5), (19, 'Ena', 24), (20, 'Katie', 24);

INSERT INTO projects (id, title, category, funding_goal, start_date, end_date) VALUES
(1, 'Help me buy a guitar', 'music', 500.00, '2013-06-30', '2013-07-30'),
(2, 'My book on SQL', 'books', 20.00, '2013-01-01', '2014-01-01'),
(3, 'The next Harry Potter', 'books', 1000.00, '2013-05-30', '2015-05-30'),
(4, 'Animal shelter needs dog food', 'charity', 400.00, '2013-03-14', '2013-06-30'),
(5, 'Voldement needs a body', 'charity', 6000.00, '2013-03-20', '2013-09-20'),
(6, 'The next Inna-Gadda-Davida', 'music', 200.00, '2014-12-30', '2015-12-30'),
(7, 'Iguana needs tail operation', 'charity', 2000.00, '2013-10-02', '2013-10-30'),
(8, 'I have bed bugs!', 'charity', 800.00, '2014-06-30', '2014-06-31'),
(9, 'I want to teach English in China', 'charity', 3000.00, '2013-06-30', '2013-09-30'),
(10, 'Help save birds of paradise', 'charity', 5000.00, '2012-03-20', '2013-06-30');

INSERT INTO pledges (id, amount, user_id, project_id) VALUES
(1, 10.00, 1, 2),
(2, 20.00, 1, 3),
(3, 40.00, 1, 4),
(4, 50.00, 2, 3),
(5, 10.00, 3, 2),
(6, 20.00, 4, 4),
(7, 40.00, 5, 10),
(8, 60.00, 6, 10),
(9, 50.00, 7, 9),
(10, 700.00, 8, 8),
(11, 1000.00, 8, 7),
(12, 40.00, 9, 6),
(13, 50.00, 9, 3),
(14, 50.00, 10, 4),
(15, 24.00, 12, 1),
(16, 34.00, 11, 1),
(17, 12.00, 13, 6),
(18, 19.00, 14, 5),
(19, 20.00, 15, 5),
(20, 40.00, 16, 6),
(21, 35.50, 17, 7),
(22, 40.00, 18, 8),
(23, 60.00, 19, 9),
(24, 70.00, 20, 10),
(25, 100.00, 20, 4),
(26, 40.00, 19, 1),
(27, 20.00, 18, 6),
(28, 90.00, 17, 9),
(29, 230.00, 16, 6),
(30, 450.00, 15, 5);


-- INSERT INTO projects (title, category, funding_goal, start_date, end_date)
-- VALUES 
-- ("Moonshine", "restaurant", 973.50, "01/25/2019", "03/31/2019"),
-- ("Sahara", "travel", 735.00, "06/06/2019", "08/25/2018" ),
-- ("Astro", "music", 413.00, "04/27/2019", "05/27/2019"),
-- ("Indigo", "restauant",  841.80, "08/03/2019", "12/25/2019"),
-- ("Laguna", "travel", 349.50, "09/16/2019", "11/04/2019"),
-- ("Namaste", "health", 482.15, "02/19/2019", "05/06/2019"),
-- ("Liquid Sky", "music", 276.10, "11/18/2019", "12/05/2019"),
-- ("Blue Moon", "restaurant", 679.74, "10/05/2019", "11/10/2019"),
-- ("Crusader", "travel", 445.00, "02/14/2019", "06/17/2019"),
-- ("Sirius", "music", 271.50, "01/20/2019", "04/20/2019");

-- INSERT INTO users (name, age)
-- VALUES
-- ("Dan", 25),
-- ("Kathy", 42),
-- ("Heather", 28),
-- ("John", 21),
-- ("Frank", 32),
-- ("Victor", 35),
-- ("Richard", 29),
-- ("Patrick", 21),
-- ("Julia", 24),
-- ("Robert", 40),
-- ("Edward", 45),
-- ("Martha", 34),
-- ("Aaron", 28),
-- ("Ellie" 25),
-- ("Joan", 29),
-- ("Magdalena", 33),
-- ("Hannah", 42),
-- ("Flynn", 36),
-- ("Nicholas", 27),
-- ("Camille", 31);

-- INSERT INTO pledges (amount, user_id, project_id)
-- VALUES
-- (80.00, 1, 10),
-- (25.75, 16, 8),
-- (74.10, 2, 6),
-- (62.00, 17, 4),
-- (38.65, 3, 2),
-- (46.81, 18, 10),
-- (22.79, 4, 1),
-- (39.55, 19, 3),
-- (47.79, 5, 7),
-- (65.44, 20, 5),
-- (50.00, 6, 9),
-- (76.00, 1, 2),
-- (75.00, 7, 6),
-- (47.61, 2, 8),
-- (73.21, 8, 10),
-- (58.14, 3, 1),
-- (19.46, 9, 3),
-- (10.00, 4, 5),
-- (19.30, 10, 7),
-- (43.10, 5, 9),
-- (28.30, 11, 1),
-- (20.50, 6, 2),
-- (30.94, 12, 3),
-- (49.50, 7, 4),
-- (20.00, 13, 5),
-- (49.10, 8, 6),
-- (10.50, 14, 7),
-- (15.90, 9, 8),
-- (24.85, 15, 9),
-- (15.00, 10, 10);